<?xml version="1.0" encoding="UTF-8"?>
<project-private xmlns="http://www.netbeans.org/ns/project-private/1">
    <editor-bookmarks xmlns="http://www.netbeans.org/ns/editor-bookmarks/2" lastBookmarkId="0"/>
    <open-files xmlns="http://www.netbeans.org/ns/projectui-open-files/2">
        <group>
            <file>file:/C:/Users/ANKS/Documents/NetBeansProjects/MP3%20Player%20Widget/src/AppPackage/MainClass.java</file>
            <file>file:/C:/Users/ANKS/Documents/NetBeansProjects/MP3%20Player%20Widget/src/AppPackage/MP3PlayerGUI.java</file>
        </group>
    </open-files>
</project-private>
